question,anser,c1,c2,c3
フランスから伝わった料理で「カリカリした」という意味があるのは？,コロッケ,カツレツ,コロッケ,エビフライ
フランス人が「うみのクモ」と呼んでいる海のせいぶつは？,エビ,タコ,エビ,クラゲ
ナポレオンの墓がある国は？,フランス,イギリス,スペイン,フランス
ジャンケンのグーチョキパーみっつあわせて結んでいる指何ぼん？,8ぽん,6ぽん,8ぽん,10ぽん
ビールの王冠のギザギザさてその数は？,21,11,21,31
黄色いレモンの花は何色？,しろ,きいろ,しろ,だいだい
日本でマッチが初めて作られたのは？,めいじじだい,えどじだい,めいじじだい,たいしょうじだい
野球のプレー中 打球をネコがくわえて逃げたら？,ヒット,ヒット,ファウル,ノーカウント
実際に日本海にいる魚は？,コンペイトウ,コンペイトウ,カリントウ,オメデトウ
会社が潰れることを？,とうさん,かあさん,とうさん,おじいさん
ガンで死んだのは？,ブラームス,バッハ,ベートーベン,ブラームス
スイカはもともと何語？,ちゅうごくご,ちゅうごくご,にほんご,ポルトガルご
じゃんけんという言葉はどこの国からはいってきた？,ちゅうごく,ちゅうごく,オランダ,ポルトガル
銀座に初めてできたデパートは？,まつや,まつや,みつこし,まつざかや
ゴム製品のなかで最も早く使われるようになったのは？,けしゴム,けしゴム,わゴム,パンツのゴム
日本とまったく時差のない国は？,かんこく,ちゅうごく,オーストラリア,かんこく
セミで鳴くのは？,オスだけ,オスだけ,メスだけ,オス メスりょうほう
一番大きい数はどれ？,3ぶんの1,0.3,3ぶんの1,4ぶんの1
ニューヨークの自由の女神ができたのは？,19せいき,18せいき,19せいき,20せいき
トムソーヤがあこがれた職業は？,ピエロ,せんちょう,やきゅうせんしゅ,ピエロ
世界で最初の自動車メーカーは？,ベンツ,ポルシェ,ベンツ,フォード
「げんのう」といえば？,かなづち,のこぎり,かなづち,かんな
ドライアイスと成分が同じものは？,ビールのあわ,ビールのあわ,せっけんのあわ,しょうかきのあわ
別名コモリグマ フクログマとも言われるのは？,コアラ,カンガルー,コアラ,アライグマ
京都の平安神宮ができたのは？,めいじじだい,へいあんじだい,えどじだい,めいじじだい
仏さまが座る席のことをなんという？,ししざ,ぎんざ,ししざ,ござ
「なかなかめがでない」の め とは？,さいころ,もやし,さいころ,かたつむり
ラスベガスにないギャンブルは？,オイチョカブ,ルーレット,スロットマシーン,オイチョカブ
熱帯植物「ヤシ」の花言葉の意味は？,しょうり,じょうねつ,しょうり,えいよ
あわだてクリームを混ぜて作ったお菓子は？,ムース,ムース,ゼリー,クッキー
もっとも古い歴史を持つ体操競技は？,あんば,あんば,つりわ,てつぼう
人の舌の敏感さを確かめるのに使う味は？,にがみ,あまみ,にがみ,すっぱみ
何回聞いても忘れてしまう人のことを？,ざるみみ,かやみみ,ざるみみ,すだれみみ
日本で最初の女子プロスポーツは？,けいりん,ゴルフ,プロレス,けいりん
牛乳の脂肪分をなんという？,クリーム,ソフト,クリーム,オイル
ミツバチが花粉を運ぶのは？,うしろあし,しょっかく,まえあし,うしろあし
もっともカロリーが高いものは？,さつまいも,じゃがいも,さつまいも,やまいも
ブラウン管を発明したブラウンはどこの人？,ドイツ,ドイツ,イギリス,アメリカ
ゴジラと戦ったことがあるのは？,キングコング,フランケンシュタイン,キングコング,スフィンクス
ロボットという言葉は何語？,チェコご,チェコご,ラテンご,ギリシャご
大根のことを中国では？,ロープ,ロープ,ヒモ,ツナ
500円玉に描かれている植物は？,たけ,まつ,たけ,うめ
タマゴを茹でる時ひびがはいらないように入れると良いものは？,す,さとう,さけ,す
東京ディズニーランドがあるのは？,ちばけん,ちばけん,さいたまけん,とうきょうと
太陽の光が地球に届くまでの時間は？,やく8ぷん,やく8びょう,やく8ぷん,やく8じかん
最初のドッグフードは？,にくのかんづめ,さかなのかんづめ,にくのかんづめ,ビスケットのかんづめ
桃太郎の家来のなかで一番最後に家来になったのは？,キジ,サル,キジ,イヌ
温度計を発明した人は？,ガリレオ,フランクリン,ニュートン,ガリレオ
水にとけないビタミンは？,ビタミンA,ビタミンA,ビタミンB1,ビタミンC
ゴルフのクラブにあるのは？,スプーン,ナイフ,フォーク,スプーン
「ジャックと豆の木」でジャックが退治したのは？,きょじん,きょじん,おおかみ,だいじゃ
ロダンの名作は？,カレーのしみん,カレーのしみん,ピラフのしみん,ナポリのしみん
ドン キホーテが敵の兵隊と思ったのはなんの群れ？,ヒツジ,ヒツジ,ウマ,ウシ
牛のツノは何が変化したもの？,ひふ,しぼう,け,ひふ
結婚しなかったのは？,にんぎょひめ,しらゆきひめ,ねむりひめ,にんぎょひめ
「マスコット」はもともとなんの名前？,まほうつかい,あくま,てんし,まほうつかい
コオロギの耳はどこにある？,まえあし,あご,まえあし,はら
タンパク質でできている糸は？,きぬ,もめん,あさ,きぬ
ボート競技のスタートで審判の号令は？,ロー,ロー,ハイ,ドー
ミッキーマウスの恋人はミニーマウス。ドナルドダックの恋人は？,ディジーダック,ディジーダック,パンジーダック,ポピーダック
あくびの原因は血液中の何が不足したとき？,さんそ,にさんかたんそ,ちっそ,さんそ
「スパゲッティー」の元の意味は？,ひも,ひも,ペン,うまのしっぽ
江戸時代長崎で行われていたスポーツは？,ボーリング,ボーリング,バスケットボール,テニス
テニスコートのラインでないものは？,エンドライン,エンドライン,ベースライン,サービスライン
「ほとけのかおも3どまで」何を3度した？,なでられた,たたかれた,つばをかけられた,なでられた
人間で一番長い骨があるのは？,ふともも,ふともも,せなか,うで
日本でもっとも大きい島は？,さどがしま,さどがしま,あわじしま,あまみおおしま
海に面していない国は？,チェコスロバキア,ギリシャ,チェコスロバキア,フランス
もっとも古い人は？,ペキンげんじん,やよいじん,ペキンげんじん,クロマニヨンじん
牛の胃はいくつある？,4つ,2つ,3つ,4つ
クリスマスツリーに使われるのは？,モミ,モミ,マツ,スギ
富士山の高さは東京タワーの約何倍？,やく11ばい,やく9ばい,やく11ばい,やく13ばい
ジャケットやコートの裾にいれる切り込みは？,ベンツ,ポルシェ,アウディ,ベンツ
野球場のグラウンド整備に使われるのは？,トンボ,トンボ,セミ,コオロギ
童謡「かたつむり」ツノだせヤリだせ何をだせ？,あたま,かね,しっぽ,あたま
プリンスはメロン プリンセスは？,りんご,りんご,みかん,すいか
天下統一をした人は？,とよとみひでよし,とよとみひでよし,たけだしんげん,だてまさむね
生まれたときの大きさが2センチなのは？,コアラ,コアラ,キリン,カバ
オズの魔法使いが住んでいるのは？,エメラルドのみやこ,ダイヤモンドのみやこ,エメラルドのみやこ,ルビーのみやこ
漫画「サザエさん」でタラちゃんとイクラちゃんの関係は？,はとこ,いとこ,はとこ,きょうだい
時速200キロの新幹線。非常ブレーキをかけて静止するまでなんキロ走る？,やく2キロ,やく0.8キロ,やく1.6キロ,やく2キロ
シャンデリア。フランス語でもともとなんの意味？,ろうそく,ガラス,ろうそく,たいよう
鬼がでてこない物語は？,かぐやひめ,かぐやひめ,ももたろう,いっすんぼうし
もっとも電気を通しやすいのは？,ぎん,きん,ぎん,どう
走り高跳びに関係あるのは？,バー,スナック,クラブ,バー
体重60キロの人の体内にある血液の量は？,5リットル,5リットル,10リットル,15リットル
片手を上げているのは？,ならのだいぶつ,ならのだいぶつ,かまくらのだいぶつ,たかおかのだいぶつ
将棋の駒の数は全部でいくつ？,40,40,50,60
史上初の女性宇宙飛行士はどこの国の人？,ソビエト,アメリカ,ソビエト,フランス
鉄腕アトムのお兄さんの名前は？,コバルト,ウラン,プルトニウム,コバルト
モーターを使わない電気器具は？,アイロン,アイロン,れいぞうこ,ステレオ
火をつけた蚊取り線香1ぽんの寿命は約なん時間？,7じかん,5じかん,7じかん,9じかん
中国に実際にある楽器は？,ぎょっ,ぬっ,ありっ,ぎょっ
建築工事などでおなじみのクレーンとはもともとなんのこと？,つる,キリン,だいじゃ,つる
1チーム11人で試合をしないのは？,ラグビー,ラグビー,サッカー,アメリカンフットボール
ドラえもんのヒゲ全部で何本？,6ぽん,2ほん,4ほん,6ぽん
空の70パーセントを雲が覆っている場合の天気は？,はれ,はれ,くもり,かいせい
人間のヒフでもっとも厚い部分は？,あしのうら,ツラのかわ,しりのかわ,あしのうら
大仏とは高さなんメートル以上のものを言う？,5メートル,3メートル,5メートル,10メートル
アンデルセンの醜いアヒルの子。実は何の子？,はくちょう,はくちょう,サギ,カモ
タマゴをコマのように回したとき良く回るものは？,ゆでたタマゴ,ゆでたタマゴ,しんせんなタマゴ,くさったタマゴ
北極グマが氷の上を歩いても滑らないのは？,あしのうらにけがあるから,ツメをたてるから,あしのうらにけがあるから,きをつけてあるくから
日本の白バイ。初めは何色だった？,あか,くろ,あか,グレー
童謡「どんぐりころころ」の歌詞で正しいのは？,どんぐりころころどんぶりこ,どんぐりころころどんぐりこ,どんぐりころころどんぶりこ,どんぐりころころどんぶらこ
上野の西郷さんの銅像がつれている犬の名前は？,ツン,ツン,ケン,ドン
プッシュホンで0の真上にある数字は？,8,7,8,9
カミナリの音と光ではどちらが先に伝わる？,ひかり,おと,ひかり,どうじ
ひゃっかんデブとはズバリなんキログラム？,357キログラム,175キログラム,275キログラム,357キログラム
競馬のスタートのやり直しをなんと言う？,カンパイ,シンパイ,シッパイ,カンパイ
次のうち実在しない植物は？,おどろき,おどろき,もものき,さんしょのき
日本の警察犬としてもっとも多いのは？,シェパード,シェパード,あきたけん,コリー
おシャカさまは生まれてすぐ何をした？,あるいた,わらった,あるいた,ごはんをたべた
日本の国際電話回線が初めて繋がれた国は？,フィリピン,アメリカ,フィリピン,シンガポール
渋谷の忠犬ハチ公は何けん？,あきたけん,とさけん,あきたけん,シェパード
忙しい時に借りたいのはなんの手？,ねこのて,ねこのて,まごのて,あいのて
盤のマス目が一番多いのは？,しょうぎ,オセロ,チェス,しょうぎ
漫画「ドラえもん」の苦手な動物は？,ネズミ,ゴキブリ,ネズミ,アリ
チルチルミチルがいかなかった国は？,ふこうのくに,みらいのくに,おもいでのくに,ふこうのくに
次のうち実際にある木は？,ニッケイ,サンケイ,ニッケイ,ヨンケイ
次のうち音の強さをあらわす単位は？,ワット,アンペア,ボルト,ワット
わゴムを発明した国は？,にほん,にほん,アメリカ,ドイツ
「西遊記」の孫悟空はどこから生まれた？,いしのなか,きのなか,いしのなか,みずのなか
歩行者用の青信号の男の人のマークはどちらをむいている？,ひだり,しょうめん,みぎ,ひだり
シュークリームのシューとはなんのこと？,キャベツ,きしゃのけむり,つくるときのてつき,キャベツ
ディズニー漫画に出てくる「プルート」はなに？,イヌ,イヌ,ネズミ,アヒル
ビスケットに小さな穴があいているのはなぜ？,かたちをくずさないように,ねつをなかまでとおすため,おいしくみえるように,かたちをくずさないように
陸上競技のゴールのテープ。もっとも多く使われているのは？,けいと,セロテープ,けいと,かみ
次のうち日本で作られた言葉は？,ブレザーコート,レインコート,オーバーコート,ブレザーコート
トランプのキングのうちヒゲがないのは？,ハート,ダイヤ,ハート,クラブ
タマゴ料理のオムレツはもともとなんの意味？,はんえんけいのうすいさら,たくさんのタマゴ,はんえんけいのうすいさら,あぶらでやいたもの
次の物語の中で日本へやってきたことのある主人公は？,ガリバー,トム ソーヤー,ガリバー,ドン キホーテ
世界一高地にある湖は？,チチカカこ,チチカカこ,トトカカこ,ババカカこ
ヒマラヤ山脈のヒマラヤの意味は？,ゆきのすみか,かみのすみか,ゆきのすみか,かぜのすみか
テンプラをあげるときの適温は？,180ど,90ど,130ど,180ど
カンガルーのあかちゃんはどうやってお母さんの袋に入る？,じぶんでよじのぼる,おかあさんがくわえていれる,じぶんでよじのぼる,さいしょからはいっている
次のうちジャムにできない果物は？,カキ,アンズ,イチジク,カキ
長野県が接している県はいくつ？,8けん,6けん,8けん,10けん
あなたのひいおじいさんは何人？,4にん,2にん,4にん,8にん
日本で最初にラジオ実況中継が行われたスポーツは？,やきゅう,すもう,やきゅう,じゅうどう
ピラフとはもともとどこの国の料理？,トルコ,ペルー,トルコ,ネパール
サッカーのワールドカップ大会は何年ごとに開かれる？,4ねん,1ねん,2ねん,4ねん
1リットルの水はなんグラム？,1000グラム,100グラム,1000グラム,10000グラム
「たけとりものがたり」のかぐやひめは何人からプロポーズされた？,5にん,3にん,4にん,5にん
虹の７いろのうち最も内側にある色は？,あか,あか,だいだい,あお
「ほしのおうじさま」で不時着した飛行士が王子と出会った砂漠は？,サハラさばく,ゴビさばく,リビアさばく,サハラさばく
次のスポーツでギリシャ時代から行われていたものは？,レスリング,レスリング,スキー,フェンシング
宝くじの賞金の支払い期限は？,1ねん,1ねん,2ねん,3ねん
次のうち最も温度が低いものは？,ドライアイス,ふつうのみず,ドライアイス,アイスクリーム
シンデレラの馬車は何を魔法にかけたもの？,カボチャ,ネズミ,カボチャ,ホウキ
上野の山の西郷さんが履いているものは？,ぞうり,げた,ぞうり,くつ
タコの足は体のどこから生えている？,あたま,むね,しり,あたま
計量スプーン大さじは小さじの約なん倍？,3ばい,3ばい,5ばい,7ばい
必ずハンカチをもたなければいけないスポーツは？,アマチュアレスリング,ばじゅつ,ラグビー,アマチュアレスリング
郵便ポストの正式名は？,ゆうびんさしだしばこ,ゆうびんさしだしばこ,ゆうびんとうかんばこ,ゆうびんかいしゅうばこ
グーチョキパーを順番に出していくと10番目は何？,グー,チョキ,グー,パー
タマネギ100グラムの中に約どのくらいの水分が含まれている？,90グラム,75グラム,90グラム,100グラム
日本で一番長い川は？,しなのがわ,しなのがわ,とねがわ,いしかりがわ
北極星は何座の星？,こぐまざ,こいぬざ,こぐまざ,さそりざ
アメリカのニューヨーク。昔はなんと呼ばれた？,ニューアムステルダム,ニューアムステルダム,ニューイングランド,ニューワシントン
ギャング王アル カポネで有名なアメリカの都市といえば？,シカゴ,シカゴ,ニューヨーク,アルバカーキ
次の川のうちアフリカ大陸を流れているものは？,ナイルがわ,アマゾンがわ,インダスがわ,ナイルがわ
日本の県で最も面積が広いのは？,いわてけん,ながのけん,あきたけん,いわてけん
タバコを最初に吸ったのはどこの人？,アメリカインディアン,アメリカインディアン,イギリスじん,オランダじん
人類が一番最初に発明した乗り物は？,ゆきゾリ,タンカ,トロッコ,ゆきゾリ
ボクシングでチンといったらどこの部分？,あご,はら,あご,こうとうぶ
世界で最初の婦人警官が誕生した警察は？,ロサンゼルスけいさつ,ニューヨークけいさつ,モスクワけいさつ,ロサンゼルスけいさつ
歩行者天国を最初にはじめた国は？,ニューヨーク,パリ,ベルリン,ニューヨーク
サーフィン用語でボードの上で高度な技をすることは？,ホットドッグ,ハンバーガー,ドーナツ,ホットドッグ
長崎の名物でないのは？,とんこつラーメン,チャンポン,さらうどん,とんこつラーメン
世界で初めてハイジャックをしたのは？,ちゅうごくじん,アメリカじん,ちゅうごくじん,イスラエルじん
実際にある木は？,バクチノキ,スリノキ,バクチノキ,ドロボウノキ
テレフォンカードの厚さは？,0.28ミリ,0.08ミリ,0.28ミリ,0.78ミリ
プロ野球オリックスの強力打線の異名は？,ブルーサンダーだせん,ブルーエンジェルだせん,ブルーサンダーだせん,ブルートレインだせん
イタチの仲間でないのは？,マングース,スカンク,ラッコ,マングース
「ガスタンク」を英語でいうと？,ガスホルダー,ガスボンベ,ガスバルン,ガスホルダー
音楽用カセットテープを発明した国は？,オランダ,にほん,アメリカ,オランダ
他人の言うことに調子をあわせるのは？,たいこをたたく,たいこをうつ,たいこをたたく,たいこをもつ
冷蔵庫にいれておくと味鮮度がおちやすい果物は？,バナナ,リンゴ,バナナ,ナツミカン
カセットテープに巻きつけてある芯の名前は？,ハブ,ハブ,マムシ,コブラ
満月の明るさは太陽の明るさの何分の1？,500000ぶんの1,5000ぶんの1,50000ぶんの1,500000ぶんの1
インダス川の流域の遺跡が発見された,ハラッパ,ノハラ,アキチ,ハラッパ
実際にある植物は？,おにく,おにく,おさかな,おやさい
ポルトガルからきた外来語は？,カッパ,アルバイト,カッパ,ランドセル
ジャンボジェット機が離陸する瞬間の速度は？,やくじそく300キロ,やくじそく300キロ,やくじそく500キロ,やくじそく700キロ
世界最大のカニは？,タカアシガニ,ズワイガニ,タカアシガニ,タラバガニ
昭和54年に売り出された日本語ワープロ第1号のお値段は？,630まんえん,330まんえん,630まんえん,930まんえん
もっともカロリーが低いのは？,そば,うどん,ラーメン,そば
魚のタラをギリシャ語でいうと？,バカヤロ,バカヤロ,アホンダラ,ガシンタレ
本当にいる鳥は？,クイナ,クイナ,ノミナ,クツロギナ
「すずめやき」ってなにを焼いたもの,フナ,カエル,イナゴ,フナ
夜空にかがやく星座の数は？,88,88,880,8800
ビールをもっとも多く生産している国は？,アメリカ,にほん,にしドイツ,アメリカ
日本にいるゴキブリの種類は？,50しゅるい,5しゅるい,10しゅるい,50しゅるい
パリの郵便ポストの色は？,ぐんじょう,あか,ぐんじょう,きいろ
ウロコをみても年齢が分からない魚は？,サバ,イワシ,タイ,サバ
ハゼ科の魚は？,キヌバリ,モメンバリ,キヌバリ,ツムギバリ
実在する昆虫は？,カンタン,カンタン,フクザツ,ムズカシイ
相撲力士が食べる「ちゃんこ」のもともとの意味は？,おっさん,じっちゃん,おっさん,おっかさん
卓球の発祥国は？,フランス,フランス,イギリス,ドイツ
発生回数の一番多いのは？,たいふう,サイクロン,ハリケーン,たいふう
実際にある木は？,ボロボロのき,ヨレヨレのき,ボロボロのき,フラフラのき
実際にある病気は？,マネージャーびょう,アイドルびょう,ディレクターびょう,マネージャーびょう
次のうち空を飛ぶのは？,エアバス,ハトバス,エアバス,コントラバス
1円玉の重さは1グラム 3億円分を運ぶには10トントラックで何台？,30だい,3だい,30だい,300だい
アメリカ発祥でないスポーツは？,ハンドボール,やきゅう,バスケットボール,ハンドボール
ニューヨークのエンパイアステートビルができたのは？,20せいき,18せいき,19せいき,20せいき
学名をジャポニカという日本特産の植物は？,わさび,しょうが,とうがらし,わさび
アメリカ合衆国は日本の約何倍？,25ばい,15ばい,25ばい,35ばい
ビールに苦味をつけるホップはどの部分？,はな,は,はな,かじつ
楽器オカリナの「オカ」とはどんな意味？,ガチョウ,ガチョウ,ハト,アヒル
昔の遊びに使われた「ベーゴマ」は何からかたどったもの？,かいがら,おうぎ,じょうご,かいがら
フランス語ではブイヨン。英語では？,スープストック,スープソース,スープルー,スープストック
パンダはパンダ科。ではコアラは何科？,クスクスか,アハアハか,クスクスか,ウフウフか
視力が一番良い鳥は？,タカ,タカ,ペンギン,カラス
ウナギにないものは？,はらびれ,むなびれ,しりびれ,はらびれ
カレンダーにないのは？,くちのひ,みみのひ,はなのひ,くちのひ
カタツムリにあるものは？,は,つめ,まつげ,は
一番軽いものは？,50えんだま,10えんだま,50えんだま,100えんだま
「うさぎとかめ」がでてくる童話は？,イソップ,グリム,アンデルセン,イソップ
日本最初のテレビコマーシャルの商品は？,とけい,とけい,くるま,カメラ
飛ぶ鳥の中で一番大きいのは？,アホウドリ,アホウドリ,グンカンドリ,オオワシ
日本で最初にワンマンバスが走ったのは？,おおさか,とうきょう,おおさか,なごや
サイのなかでもっとも大きい種類は？,シロサイ,クロサイ,シロサイ,アオワシ
恐竜のステゴザウルスは頭以外にどこに脳があった？,こし,のど,こし,しっぽ
カロリーのないものは？,しお,す,しょうゆ,しお
ターザンの恋人は？,ジェーン,ジュリー,シェーン,ジェーン
ベニスのタクシーといえば？,ゴンドラ,イカダ,カヌー,ゴンドラ
西武ライオンズのシンボルマークのライオンの名前は？,レオ,エルザ,ジョニー,レオ
カリフラワーを白く茹で上げるのにいれるのは？,す,ぎゅうにゅう,す,さとう
一番最初に解散したのは？,フォーリーブス,ピンクレディ,フォーリーブス,キャンディーズ
1日24時間をふんになおすと？,1440ぷん,1440ぷん,14400ぷん,144000ぷん
ダイヤモンドに次いで硬い鉱物は？,サファイア,サファイア,エメラルド,しんじゅ
ウマのひづめは1つ。ではシカのひづめは９くつ？,2つ,1つ,2つ,3つ
ネコの脈拍はどこで測る？,うちまた,むね,て,うちまた
直径が一番大きいのは？,10えんだま,1えんだま,10えんだま,50えんだま
カイコのマユからできるのは？,きぬ,めん,きぬ,あさ
ナイチンゲールはどこの看護婦？,スイス,フランス,スイス,イギリス
一寸法師が舟のかわりにしたものは？,おわん,おわん,ささの,ははし
もっとも日が早く沈む都市は？,とうきょう,とうきょう,なごや,おおさか
定期券で乗れる特急は？,しんかんせん,しんだいとっきゅう,Lとっきゅう,しんかんせん
茹でるとき塩をいれるのはどれ？,スパゲッティー,うどん,そうめん,スパゲッティー
マッシュルームは何科のきのこ？,マツタケ,シイタケ,シメジ,マツタケ
顔の中であぐらをかくと言われるのはどこ？,はな,め,くち,はな
1円玉を10000こ積み重ねるとどれくらいの高さになる？,15メートル,5メートル,15メートル,30メートル
ふつうの空気1リットルの重さはどれくらい？,1.3グラム,0.13グラム,1.3グラム,13グラム
イチゴの花は何色？,しろ,ピンク,しろ,あか
虹を7いろに分けた学者は誰？,ニュートン,ニュートン,パスカル,ピタゴラス
次の果物のなかで一番ビタミンＣが多いのは？,キンカン,レモン,キンカン,イチゴ
缶詰の発明に関係のある人物は？,ナポレオン,リンカーン,ナポレオン,ビクトリアじょおう
大工道具のうち花の名前にあるものといったら？,カンナ,カンナ,ノコギリ,ノミ
実際にいる貝の名前は？,ヘソクリ,ボーナス,ツミタテ,ヘソクリ
将棋の駒はなん角形？,5かくけい,4かくけい,5かくけい,6かくけい
世界で最初に宇宙旅行した動物は？,イヌ,イヌ,サル,ネズミ
コロンブスはどこの国の人？,イタリアじん,スペインじん,イタリアじん,ポルトガルじん
血液が全身をひとまわりする時間は？,23びょう,23びょう,23ぷん,23じかん
次のうち昆虫でないものは？,ダニ,ダニ,ノミ,シラミ
水泳の種目でドルフィンキックを使うのは？,バタフライ,バタフライ,ひらおよぎ,せおよぎ
「ズッこける」の元来の意味は次のうちどれ？,ゆるんでずりおちる,いしにつまづいてこける,こづかれてよろめく,ゆるんでずりおちる
次の時代のうちもっとも長く続いた時代は？,へいあんじだい,ならじだい,へいあんじだい,むろまちじだい
フランスで「あいのリンゴ」ドイツで「てんしのリンゴ」と呼ばれるものは？,トマト,ニンジン,タマネギ,トマト
純金1グラムで細い針金を作るとどのくらいのばせる？,3キロメートル,100メートル,3キロメートル,1000キロメートル
次のうちもっとも赤道に近い島は？,グァムとう,グァムとう,サイパンとう,オアフとう
1キロメートルはなんミリメートル？,1000000ミリメートル,10000ミリメートル,100000ミリメートル,1000000ミリメートル
1匹の働きバチが1回に運ぶ蜜の量は？,たいじゅうの2ぶんの1,たいじゅうの3ぶんの1,たいじゅうの2ぶんの1,たいじゅうとおなじ
ジェット機の飛ぶ速さで「マッハ1」といったら秒速なんメートル？,びょうそく340メートル,びょうそく140メートル,びょうそく240メートル,びょうそく340メートル
「ペンション」もともとはどんな意味？,ねんきん,ろうふうふ,おんせんち,ねんきん
次の動物のなかで色を見分けられるのは？,サル,イヌ,ネコ,サル
郵便ポストが赤い理由は？,ひとめにつきやすいから,あかじにならないように,ひとめにつきやすいから,がいこくのまね
星の明るさで1等星は6等星の何倍の明るさ？,100ばい,6ばい,50ばい,100ばい
名探偵シャーロックホームズが住んでいる街の名前は？,ベーカーがい,ベーカーがい,ホームズがい,ルパンがい
1911年世界で初めて南極に到達した探検家は誰？,アムンゼン,アムンゼン,ヒラリ,ヤモリー
忍者の合言葉で「やま」といえば「かわ」。では「かえる」といったら？,いど,いど,いく,あぶら
現在の東京駅。どこの駅をまねたもの？,アムステルダムえき,イスタンブールえき,アムステルダムえき,モスクワえき
ヤツメウナギに目はいくつ？,2つ,1つ,2つ,8つ
スペインでは日本のことをなんと呼ぶ？,ハポン,ハポン,スッポン,ジッポン
「うのはな」といったら何のこと？,おから,うどん,おから,うなぎ
フランス語で「クロワッサン」とはどんな意味？」,みかづき,ざっし,みかづき,まんげつ
ダイヤモンドはなんの結晶？,たんそ,さんかアルミニウム,すいそ,たんそ
人間に肝臓はいくつある？,1つ,1つ,2つ,3つ
世界で初めて走ったロンドンの地下鉄の燃料は？,じょうき,でんき,ガソリン,じょうき
1センチメートルの1億分の1の長さの単位は？,オングストローム,オングストローム,コングストローム,リングストローム
マンガ「ルパン３世」で彼を追い回す警部は？,ぜにがたけいぶ,きんだいちけいぶ,あけちけいぶ,ぜにがたけいぶ
「トムソーヤーのぼうけん」の作者は？,マーク トウェイン,トム ソーヤー,マーク トウェイン,エドガー アラン ポー
日本の初代内閣総理大臣はだれ？,いとうひとふみ,いたがきたいすけ,いとうひとふみ,いわくらともみ
インスタントコーヒーの製法を発明したのはどこの国の人？,にほん,アメリカ,にほん,ブラジル
カモシカの汗は何色？,あお,あか,あお,くろ
童謡「こいのぼり」。こいのぼりはなにより高い？,やね,てん,ぼくのしんちょう,やね
野良イヌにかまれた場合に届けでる機関は？,ほけんじょ,けいさつ,やくば,ほけんじょ
古代エジプトのスフィンクス。頭は人間、体は？,ライオン,ライオン,クジラ,ウマ
ビールの苦味のもとは？,ホップ,チップ,トップ,ホップ
地震の震度は0からいくつまで？,7,5,7,9
ガラパゴス諸島はどこの国に属する？,エクアドル,キューバ,エクアドル,トンガおうこく
アメリカ合衆国の面積は世界で何番目の大きさ？,4ばんめ,4ばんめ,5ばんめ,6ばんめ
プロレスでふたりずつ組んでする試合をなんという？,タッグマッチ,タイトルマッチ,タッグマッチ,デスマッチ
マンガ「サザエさん」の夫の名前は？,マスオ,フグオ,カツオ,マスオ
公式テニスで点数0はなんと言われる？,ラブ,ジュテーム,リーチ,ラブ
青森県の有名なお祭りは？,ねぶたまつり,すぶたまつり,ねぶたまつり,こぶたまつり
「江戸の華」といえば火事となに？,けんか,けんか,ひあそび,じしん
「ワーカホリック」とはなんのこと？,はたらきすぎ,たべすぎ,のみすぎ,はたらきすぎ
受け付けてもらえない電報は？,つうしんぶんのないでんぽう,つうしんぶんのないでんぽう,1じだけのでんぽう,「バクダンシカケタ」
夏目漱石がかいた小説は？,ぶんちょう,ぶんちょう,ウグイス,ホトトギス
もっとも歴史が古いマラソン大会は？,ボストンマラソン,ボストンマラソン,ホノルルマラソン,ふくおかこくさいマラソン
日本海の名づけ親はどこの国の人？,ロシアじん,ちゅうごくじん,インドじん,ロシアじん
「3すくみ」といえばヘビ、カエルとなに？,ナメクジ,ノミ,ゴキブリ,ナメクジ
時報はダイヤル何番？,117,117,177,777
宝塚歌劇団の4つのくみといったら「つき」「ほし」「ゆき」とあと1つは？,はな,さくら,ゆめ,はな
「ほたるのひかり」はどこの国の民謡？,スコットランド,スコットランド,ドイツ,ロシア
救助犬として有名なセントバーナドの原産地は？,スイス,スイス,ドイツ,イギリス
サボテンのトゲは何が変化したもの？,は,は,はな,ね
宮本武蔵と佐々木小次郎が決闘したがんりゅうじまは何県にある？,やまぐちけん,たかやまけん,やまぐちけん,えひめけん
上から呼んでも下から読んでも同じ文といえば？,かいぶん,おうふくぶん,かいぶん,ぎゃくぶん
「はりくよう」をする日は？,2がつ8か,2がつ8か,3がつ8か,4がつ8か
民謡「ソーランぶし」の中にでてくる合いの手は？,ドッコイショドッコイショ,ドッコイショドッコイショ,アーソレソレ,チョイナチョイナ
自動車の名前に使われているのは？,パンダ,ラッコ,パンダ,ビーバー
初代ウルトラマンが負けてしまった敵は？,ゼットン,ゼットン,バルタンせいじん,レッドキング
おぼうさんがかぶる頭巾をなんという？,もうす,ほっかむり,つのかくし,もうす
東京ディズニーランドにないのは？,ムーンサルトスクランブル,ビッグサンダーマウンテン,ホーンデッドマウンテン,ムーンサルトスクランブル
次のうち食べられるのは？,いまがわやき,ありたやき,びぜんやき,いまがわやき
もっとも古い作品は？,7にんのさむらい,うちゅうの7にん,こうやの7にん,7にんのさむらい
動物が主人公の物語は？,さんげつき,さんげつき,ほうじょうき,さんごくし
ギネスブックが世界1の大泥棒と認めたのは？,マルクス,アミン,サダト,マルクス
ビールのおつまみ「枝豆」とはなんの豆？,だいず,あずき,だいず,エンドウマメ
気象衛星「ひまわり」はどこにある？,せきどうじょうくう,ほっきょくてんじょうくう,とうきょうじょうくう,せきどうじょうくう
してもらうと気持ちがいいのは？,ひざまくら,ひざぐるま,ひざおくり,ひざまくら
ウグイスの卵の色は？,チョコレートいろ,チョコレートいろ,ミルクいろ,ウグイスいろ
バレンタインデーのキャンペーンを最初に行ったのは？,もりなが,グリコ,もりなが,ふじや
ひとりのゴルフプレーヤーが1ラウンドに使えるクラブは？,14ほん,9ほん,14ほん,19ほん
室町時代から日本人が食べていたのは？,うなぎのかばやき,うなぎのかばやき,てんぷら,にぎりずし
えらを持っているものは？,ヤゴ,ヤゴ,クジラ,ボウフラ
スピーカーのメーカーは？,ボーズ,ボーズ,シンプ,カンヌシ
アマゾン川の河口の幅は？,とうきょう-はままつかん,とうきょう-おだわらかん,とうきょう-はままつかん,とうきょう-はかたかん
本当にあった戦いは？,アンゴラのたたかい,カシミアのたたかい,ウールのたたかい,アンゴラのたたかい
ノーベル賞を受賞したのは？,ルーズベルトだいとうりょう,リンカーンだいとうりょう,ケネディだいとうりょう,ルーズベルトだいとうりょう
フォークダンスの曲名は？,オクラホマミキサー,コンクリートミキサー,オクラホマミキサー,ジューサーミキサー
ラグビーでボールを前に落とす反則は？,ノックオン,ノックオン,スローフォワード,ノットストレート
アメリカで売れている一人用冷凍食品は？,TVディナー,ラジオディナー,TVディナー,CDディナー
チャップリンの映画は？,イヌのせいかつ,イヌのせいかつ,ネコのにっか,ブタのにちじょう
体の部分で「きめる」「くくる」「たてる」「すえる」「わる」といえばどこ？,はら,はら,せなか,かお
のりまきにかかせないカンピョウの実がなるのは？,ゆうがお,あさがお,ひるがお,ゆうがお
ゴジラが今まで対決していない怪獣は？,ギャオス,モスラ,ギャオス,キングギドラ
韓国にあるプロ野球チームは？,ロッテジャイアンツ,ロッテタイガーズ,ロッテドラゴンズ,ロッテジャイアンツ
クリプトン星からやってきたスーパーマンの本名は？,カル エル,カル エス,カル エム,カル エル
のりで貼るのは？,ステッカー,ステッカー,ストックカー,スピーカー
333メートルの東京タワー特別展望台は地上何メートル？,250メートル,200メートル,250メートル,300メートル
日本でもっとも小さいとされているトンボは？,はっちょうトンボ,いっちょうトンボ,はっちょうトンボ,じゅっちょうトンボ
競争距離が一番長い競馬は？,てんのうしょう,ダービー,ありまきねん,てんのうしょう
海と繋がっている湖は？,はまなこ,びわこ,とわだこ,はまなこ
日本の家にある柱は？,えびすばしら,べんてんばしら,えびすばしら,ほていばしら
もっとも歴史が浅い泳ぎかたは？,バタフライ,ひらおよぎ,バタフライ,せおよぎ
国立大学はどれ？,あきただいがく,あきただいがく,ふくおかだいがく,ならだいがく
テニスのボレーをヒントに考案されたスポーツは？,バレーボール,バスケットボール,バレーボール,ハンドボール
「顔」に含まれる部分は？,あご,ひたい,あご,みみ
ロシア語の「ソレイユ」ってどんな意味？,ひまわり,じんこうえいせい,ひまわり,おつきさま
原料が植物のプラスチックは？,セルロイド,ベークライト,ポリエチレン,セルロイド
郵便局の初めのころの呼び名は？,ゆうびんやくしょ,ゆうびんちょう,ゆうびんこうしゃ,ゆうびんやくしょ
孫悟空は「如意棒」をどこで手に入れた？,りゅうぐううじょう,おにがしま,カチカチやま,りゅうぐううじょう
ウナギの養殖で有名な湖は？,はまなこ,とわだこ,はまなこ,びわこ
童謡「あかいくつ」で女の子はどこの港から船に乗った？,よこはま,こうべ,ながさき,よこはま
16世紀に「太陽が沈まない国」と呼ばれたのは？,スペイン,イギリス,スペイン,ポルトガル
まな板の材料として最適なのは？,ヤナギ,ヒノキ,スギ,ヤナギ
地図で同じ高さのところを結んだ線は？,とうこうせん,とうこうせん,とういせん,とうじょうせん
たはらとしひこのデビュー曲は？,あいしゅうでいと,はらじゅくキッス,あいしゅうでいと,きみにけってい
メキシコ、南米諸国のカウボーイがかぶる帽子は？,ソンブンロ,チロリアンハット,ベレー,ソンブンロ
海に生息しているのは？,カブトエビ,カブトガニ,カブトエビ,カブトムシ
アメリカ大リーグでタイガースといえば？,デトロイト,サンフランシスコ,ロサンジェルス,デトロイト
童謡「ゆうやけ、こやけ」。一緒に帰ろうと言われたのは？,カラス,カラス,トンビ,スズメ
短期間に入院して全身の精密検査をうけることを？,にんげんドック,にんげんタンク,にんげんドック,にんげんバンク
陸上競技の3段とび英語で言うと？,トリプルジャンプ,ワンツージャンプ,トリプルジャンプ,サードジャンプ
「かけおち」とは本来何に負けて逃げること？,たたかいのまけて,たたかいのまけて,バクチにまけて,すもうにまけて
毛織物に適する洗い方は？,おしつけあらい,てもみあらい,おしつけあらい,へらあらい
マッチの軸にしみこませてあるのは？,パラフィン,アセチン,ゼラチン,パラフィン
札幌市にある平野は？,いしかりへいや,ひだかへいや,おびひろげへいや,いしかりへいや
美しい手に例えられるのは？,しらうお,しらうお,しらさぎ,しるゆり
カーニバルで有名な都市は？,リオデジャネイロ,ロサンゼルス,アカプルコ,リオデジャネイロ
ハーモニカで吸って音を出すのは？,レ,ド,レ,ミ
ガラスをきるとき使うのは？,ダイヤモンド,ルビー,エメラルド,ダイヤモンド
人力車が発明されたのは？,めいじじだい,かまくらじだい,えどじだい,めいじじだい
耳かざりをしている仏像は？,ぼさつ,しゃか,にょらい,ぼさつ
「少年よ大志を抱け」のクラーク博士はどもの国の人？,アメリカ,アメリカ,ドイツ,フランス
近代オリンピック聖火リレーがとりいれられたのは？,だい9かい,だい1かい,だい9かい,だい11かい
花札の絵柄にないものはどれ？,たけ,まつ,たけ,うめ
人間の耳の奥にあるのは？,かたつむりかん,かたつむりかん,なめくじかん,みみずかん
日本のエレベーター表示で屋上を表すのは？,R,B,M,R
缶詰についているマークは？,JAS,JIS,JAS,JAL
つぎのうちオニがでてこない童話は？,たけとりものがたり,いっすんぼうし,たけとりものがたり,おもたろう
日本で最も長い山脈は？,おううさんみゃく,おううさんみゃく,ちゅうごくさんみゃく,ひださんみゃく
紅茶にレモンをいれると色はどうなる？,うすくなる,うすくなる,こくなる,かわらない
人間の体の中でもっとも重い臓器は？,かんぞう,かんぞう,はいぞう,しんぞう
ふつう正月から数えて最初の行事に食べるお菓子は？,ひしもち,おはぎ,かしわもち,ひしもち
ウサギはふつうなんと数える？,1わ,1ぴき,1わ,1とう
ジンギスカン料理とはなんの肉料理？,ヒツジ,ウマ,ヒツジ,ウシ
農協の正式名称は？,のうぎょうきょうどうくみあい,のうみんきょうどうくみあい,のうかきょうどうそしき,のうぎょうきょうどうくみあい
アルキメデスが「テコ」を使って動かせると言ったのは？,ちきゅう,ちきゅう,つき,たいよう
消化するのに一番長く時間がかかるのは？,うどん,パン,ごはん,うどん
次の３つの言葉のうち「ボクシング」と「マージャン」に共通するものは？,リーチ,リーチ,ポン,ロン
ナポレオンが死んだ島は？,セントヘレナとう,エルバとう,コルシカとう,セントヘレナとう
次のうち実在する植物は？,イランイラン,ヤロウヤロウ,イランイラン,ホシイホシイ
アメリカ大リーグで「マネージャー」といえば日本のなににあたる？,かんとく,きゅうだんだいひょう,かんとく,スカウト
アーチェリーの標的でもっとも得点が高いのは何色の部分？,きいろ,あか,あお,きいろ
今まで世界で一番長い裁判は何年間続いた？,700ねん,70ねん,700ねん,7000ねん
江戸時代みずでっぽうといったら次のうちなに？,しょうぼうようポンプ,いどようポンプ,すいでんようポンプ,しょうぼうようポンプ
ブタにくのうち一番やわらかいのは？,ヒレ,ももにく,ヒレ,かたロース
アリは1日のうちどのくらいはたらく？,1にちの3ぶんの1,1にちの3ぶんの1,はんにち,1にちじゅう
日本のニワトリはコケコッコー中国ではこれをどう表現する？,オーオーオー,カーカーカー,コーコーコー,オーオーオー
聖書に一番よくでてくる動物は？,ヒツジ,イヌ,ブタ,ヒツジ
九州で一番面積が広い島は？,かごしまけん,かごしまけん,みやざきけん,ふくおかけん
次のうち琵琶湖より小さい島は？,あわじしま,さわたりじま,あわじしま, あまみおおしま
英語で「カツラ」のことをなんと言う？,ウィッグ,ウィッグ,アデランス,アートネイチャー
世界で最初に指定された国立公園は？,イエローストーン,グランドキャニオン,ナイヤガラ,イエローストーン
「ケンケン」と鳴く鳥は何？,キジ,キジ,ホオジロ,らいちょう
次のお菓子のうち魚の名前になっているのは？,コンペイトウ,コンペイトウ,カリントウ,アマナットウ
明治16年に始まった天気予報は当時どこに掲示された？,こうばん,ゆうびんポスト,こうばん,てつどうばしゃ
「あたりばこ」と言うのはどういう箱？,すずりばこ,ふくびきばこ,マッチばこ,すずりばこ
次にあげる楽器のうち 人の名前からついたものは？,サキソフォン,トランペット,サキソフォン,トロンボーン
次にあげる食べ物のうち 植物にも名前があるのは？,スブタ,スブタ,ギョウザ,タンメン
次の3人のうち ニンニクが嫌いな人物は？,ドラキュラ,ドラキュラ,ポパイ,ターザン
メスのライオンとオスのヒョウの間に生まれた子供をなんと言う？,レオポン,レオポン,ライガー,ライヒョウ
体温が最も高い動物は？,ニワトリ,ニワトリ,ゾウ,ネコ
ドラキュラ。原作によると身分は何？,はくしゃく,はくしゃく,こうしゃく,だんしゃく
次のうち「いなほ」が描かれているのは何円硬貨？,5えんだま,1えんだま,5えんだま,10えんだま
日本のタクシーのナンバープレートは何色？,みどり,みどり,あお,しろ
「したきりすずめ」ですずめは何をなめて舌を切られた？,のり,おさけ,のり,みそ
名探偵シャーロックホームズの相棒ワトスンの職業は？,いしゃ,いしゃ,べんごし,けいい
アサガオは何科に属する？,ヒルガオか,アサガオか,ヒルガオか,ヨルガオか
ネコが日本に伝えられたのは何時代？,へいあんじだい,じょうもんじだい,へいあんじだい,えどじだい
アフリカの山キリマンジャロはどこの国にある？,タンザニア,エジプト,マダガスカル,タンザニア
次の3人の中でデビューが一番早かったのは？,のぐちごろう,のぐちごろう,さいじょうひでき,ごうひろみ
ヨットで「かじ」のことをなんと言う？,ラダー,ヤダー,ラダー,イーダー
ウインナー、アメリカンといえばどんな飲み物？,コーヒー,コーラ,こうちゃ,コーヒー
「いきているかせき」と呼ばれるのは？,イチョウ,やなぎ,ポプラ,イチョウ
ＪＲ東日本のパック商品は？,びゅう,ひゅう,びゅう,ぴゅう
スカートの種類に無いのは？,セーラー,フレア,セーラー,タイト
ユリの名前にあるものは？,カサブランカ,バーグマン,ボガード,カサブランカ
チェスの駒は全部でいくつ？,32,24,32,40
忍者ハットリくんのライバルは？,ケムマキ,ジッポー,シンゾー,ケムマキ
「おうごんのあわゴールデンバブルス」と言われた飲み物は？,シャンパン,ビール,サイダー,シャンパン
ガリバーは小人の国で何人分の食料を貰った？,1728にんぶん,28にんぶん,728にんぶん,1728にんぶん
ローマ数字で「C」はいくつ？,100,100,500,1000
東京が「東京都」と呼ばれるようになったのは？,しょうわじだい,めいじじだい,たいしょうじだい,しょうわじだい
第11代アメリカ大統領の名前は？,ポーク,ポーク,ビーフ,チキン
日本初の宝くじ。1枚いくらだった？,10えん,1えん,5えん,10えん
自動車免許を持っていながらほとんど運転する機会が無い人は？,ペーパードライバー,ペーパードライバー,タクシードライバー,サンデードライバー
サンフランシスコ市警にいるのは？,ダーティーハリー,ダーティーハリー,コロンボけいぶ,けいじコジャック
焼酎を炭酸で割ると？,チュウハイ,チュウハイ,ジャクハイ,ショウハイ
「ノストラダムスの大予言」によると地球の滅亡は何年？,1999ねん,1900ねん,1999ねん,2000ねん
怠けたりサボったりすることを例えて｢何を売る」と言うか？,あぶら,からだ,かお,あぶら
二日酔いを抑えるために飲む酒は？,むかえざけ,むかえざけ,おくりざけ,コップざけ
「人民の人民による人民のための政治」と言った大統領は？,リンカーン,リンカーン,ジェファーソン,ルーズベルト
徳川幕府は15代続いたが室町幕府は？,15だい,10だい,15だい,20だい
水戸黄門。お供に連れているのはすけさんと誰？,かくさん,よたろう,かくさん,おくさん
「カズノコ」とはなんの卵？,ニシン,ニシン,サケ,タラ
音楽用語「ピアニシモ」は次のうちどの意味？,できるだけよわく,できるだけよわく,よわく,つよく
女子体操にない種目は？,あんば,ゆかうんどう,へいきんだい,あんば
映画「もえよ！ドラゴン」で世界の大スターとなったのは？,ブルース リー,ブルース チャン,ブルース リー,クリスト ファーリー
イギリスの大学でないのは？,ハーバード,オックスフォード,ケンブリッジ,ハーバード
パソコンでデータを記憶するのは？,ラム,ハム,ラム,ハラム
ローマ時代のパリの呼び名は？,ルテティア,パルティア,フランセティア,ルテティア
トルコ語で「ターバン」という意味の花は？,チューリップ,なのはな,チューリップ,バラ
オーストリアでクリスマスにだす魚は？,コイ,コイ,マス,サケ
「ねこまたぎ」とは次のどれ？,さかな,またたび,ごはん,さかな
親指姫にプロポーズした動物は？,もぐら,もぐら,とんぼ,つばめ
「ブッポーソー」と鳴く鳥は？,このはずく,みみずく,ふくろう,このはずく
「さくらにく」とはなんの肉？,ウマ,シカ,ウマ,イノシシ
次のうち最も重いのは？,1キログラム,1オンス,1ポンド,1キログラム
カシミアはなんの毛？,ヤギ,ヤギ,ヒツジ,ラクダ
真珠の単位は？,もんめ,グラム,カラット,もんめ
ツルの古い呼び名は？,たず,てず,ちず,たず
ドドメ色の「ドドメ」とはなんの植物の実？,クワ,クワ,グミ,ヤツデ
「ベネルックス３ごく」とはベルギー、オランダとあとひとつは？,ルクセンブルク,ルクセンブルク,デンマーク,ポーランド
歌手のみなみのようこ。ホクロはアゴのどの辺にある？,むかってひだりがわ,むかってみぎがわ,むかってひだりがわ,まんなか
糸のもつれを防ぐために用いる器具は？,たたり,おんねん,のろい,たたり
イタリアにある都市は？,バスト,バスト,ウエスト,ヒップ
スペイン語で「アホ」といえばなんのこと？,ニンニク,ショウガ,ワサビ,ニンニク
実際にいる動物は？,アラビアオリックス,アラビアロッテ,アラビアダイエー,アラビアオリックス
初めてパーマを発明した人は？,カールさん,パーマさん,カールさん,アイパーさん
グリム童話の「シンデレラ」「シンデレラ」の意味は？,はいかぶりのこむすめ,ほこりだらけのこむすめ,あせまみれのこむすめ,はいかぶりのこむすめ
中国の「ネイチャン」という街に流れている川の名前は？,トウチャン,カアチャン,トウチャン,アートネイチャン
ゴルフのカップの直径は？,やく11センチ,やく11センチ,やく15センチ,やく18センチ
実際にいる小鳥は？,ウソ,デタ,ウソ,マコト
渡りどりなのは？,ホトトギス,カルガモ,ホトトギス,キツツキ
「サルも木からおちる」イギリスでの言い方は？,ウマは4ほんあしでもつまづく,ウマは4ほんあしでもつまづく,イヌはかいぬしにもほえる,イノシシもときどきまがる
日本で最初に公衆トイレが設置されたのはどこ？,よこはま,とうきょう,よこはま,おおさか
アニメ「魔女の宅急便」にでてくる少女の名前は？,キキ,キキ,ミミ,メメ
ソビエトのゴルバチョフ大統領のニックネームは？,ゴルビー,ゴッキー,ゴルビー,ゴルピー
相撲の決まり手でないのは？,たいおとし,たいおとし,いさみあし,がっしょうひねり
江戸時代のそばのメニュー「あられ」でのりの上にのっていたのは？,かいばしら,こんぺいとう,かいばしら,ごはん
次のうち長さが400メートルなのは？,にほんいちながいほどうきょう,にほんいちながいえきのホーム,にほんいちながいほどうきょう,にほんいちながいきのベンチ
使い捨てブラジャーの名前は？,ブラシール,ブラステール,ブラシール,ブラブーラ
エジプトのミイラから発見された病気は？,しそうのうろう,みずむし,ちょうカタル,しそうのうろう
西洋料理のマナー違反は？,のみものをのこす,おしゃべりする,のみものをのこす,さかなをうらがえす
ジャマイカのアップテンポな音楽は？,スカ,ポカ,スカ,バカ
鳥の名前なのは？,ジュウイチ,ジュウイチ,ジュウニ,ジュウサン
オランダ語からきたのはどれ？,ラッパ,カッパ,ラッパ,スリッパ
俊足チーターの水玉模様の数は？,やく1500,やく500,やく1500,やく5000
海にいるタコの数え方は？,1ぱい2はい,1たば2たば,1ふさ2ふさ,1ぱい2はい
日本人で初めてネクタイをまいたといわれているのは？,ジョンまんじろう,さかもとりょうま,とくがわいえやす,ジョンまんじろう
実際にある草の名前は？,シカクイ,カタイ,シカクイ,マズイ
フランスで実際に行われたコンテストは？,くさったスニーカーコンテスト,くさったぼうしコンテスト,くさったパンツコンテスト,くさったスニーカーコンテスト
平安時代「ほくろ」のことをなんとよんだ？,ははくそ,はなくろ,ははくそ,はなくそ
釣り師が「ハゲ」とよぶ魚は？,カワハギ,フグ,カワハギ,ハゼ
レオナルド ダ ヴィンチが生まれたのは？,ヴィンチむら,レオナルドむら,ダむら,ヴィンチむら
60ぷんのカセットテープ。テープの長さは？,90メートル,60メートル,90メートル,120メートル
長崎にあるおばあちゃんだけのコーラスグループは？,ザ シワクチャーズ,ザ シラガーズ,ザ バアチャンズ,ザ シワクチャーズ
一番早く発明されたのは？,じどうしゃ,じどうしゃ,えいが,せんたくき
エスカレーターを最初に設置したのは？,みつこし,いせたん,たかしまや,みつこし
最も長い時間雨が降っているのは？,くもりのちあめ,くもりのちあめ,くもりときどきあめ,くもりいちじあめ
テレビの「メロドラマ」「メロ」ってどんな意味？,メロディー,メロディー,メロン,メロメロ
北海道より面積の狭い国は？,スイス,スイス,オーストリア,ポーランド
出身地が東京でないのは？,さいとうゆき,なかもりおきな,なかやまみほ,さいとうゆき
「ビッグエッグ」の屋根のの厚さは？,0.8ミリメートル,0.8ミリメートル,1.8ミリメートル,2.8ミリメートル
アメリカ南部の黒人の踊りは？,ケーキウォーク,アイスウォーク,ケーキウォーク,コーヒーウォーク
明石やさんまが歌った曲は？,サンキュー,ハロー,サンキュー,グッバイ
「おべんとうばこのうた」で「すじがとおった」と歌われているのは？,フキ,ゴボウ,セロリ,フキ
一番長生きをしたのは？,ピカソ,ピカソ,ゴッホ,ダ ヴィンチ
日付けが一番早く変わるのは？,とうきょう,とうきょう,ロンドン,ニューヨーク
ピーターパンが生まれた国は？,イギリス,アメリカ,イギリス,カナダ
南極にいるペンギンで一番大きな種類は？,コウテイペンギン,オオサマペンギン,コウテイペンギン,マゼランペンギン
世界でもっとも古いクイズ問題が残っている国は？,ギリシャ,ギリシャ,中国,メキシコ
アメリカで一番面積の広い都市は？,ロサンゼルス,ニューヨーク,ワシントン,ロサンゼルス
オーストラリアの切手の絵でサンタクロースがトナカイの代わりに使っているのは？,サーフィン,サーフィン,スケートボード,カンガルー
2枚の硬貨を投げたとき両方とも表がでる確率は？,4ぶんの1,2ぶんの1,4ぶんの1,8ぶんの1
東北新幹線の列車名でないのは？,みちのく,あおば,みちのく,やまびこ
「赤毛のアン」と結婚したのは？,ギルバート,チャック,ウィッキー,ギルバート
一番カロリーが高いのは？,スパゲッティー,スパゲッティー,そば,うどん
アンデルセン童話でないのは？,しらゆきひめ,にんぎょひめ,おやゆびひめ,しらゆきひめ
ベートーベンの父親の職業は？,かしゅ,やくにん,かしゅ,だいく
人間が飼いならした最初の動物は？,いぬ,うし,うま,いぬ
洞穴で冬眠しているクマは？,オスメスりょうほう,オスメスりょうほう,オスだけ,メスだけ
爪はもともとなに？,かわ,かわ,きんにく,ほね
雑誌の名前になっていないのは？,スーパーマン,ターザン,ポパイ,スーパーマン
もっとも水分の割合が多いのは？,のう,のう,しんぞう,かんぞう
ハワイに本当にあるのは？,いりタマゴのき,なまタマゴのき,ゆでタマゴのき,いりタマゴのき
メロンにつけられた商品名は？,ホームラン,ヒット,ホームラン,ふりにげ
学校給食がはじまったのは？,めいじじだい,めいじじだい,たいしょうじだい,しょうわじだい
日本の鉛筆。Bはいくつまで？,6B,6B,8B,11B
日本で「ウサギのもちつき」と言われた月の模様アメリカでは？,みずをくむひと,みずをくむひと,むぎをかるひと,きをきるひと
1升瓶1本分のハチミツを作るのに必要なレンゲの数は？,990000,90000,990000,9990000
ジャイアンツの桑田投手の誕生日は？,バレンタインデー,がんたん,バレンタインデー,エイプリルフール
日本で生まれたゴルフ用語は？,ニヤピン,チップイン,ホールインワン,ニヤピン
子供をおんぶして育てるのは？,オオアリクイ,カンガルー,オオアリクイ,パンダ
1秒間にはばたける回数が一番多いのは？,か,とんぼ,てんとうむし,か
次のうちアイスクリームは？,ゆきみだいふく,いちごだいふく,ばななだいふく,ゆきみだいふく
すしダネになるのは？,スズキ,タナカ,サトウ,スズキ
もともとウルトラマンが住んでいた国は？,ひかりのくに,たいようにくに,7いろのくに,ひかりのくに
くまの仲間でないのは？,アナグマ,アライグマ,アナグマ,ヒグマ
一番早く売り出されたのは？,ヤクルト,にっしんチキンラーメン,カルビーかっぱえびせん,ヤクルト
日本で初めて公衆電話が置かれたところは？,あたみおんせん,とうきょうぎんざ,あたみおんせん,ふじさんさんちょう
日本で実際に売られたタバコは？,オハヨー,オハヨー,コンニチハ,オヤスミ
ダンプカーの正式名は？,ダンプトラック,ダンプカート,ダンピングカー,ダンプトラック
「もなか」の皮の原料は？,もちごめ,とうもろこし,もちごめ,こむぎ
アーモンドの仲間は？,くり,かき,くり,もも
中国の郵便ポストの色は？,みどり,みどり,あか,きいろ
英語で「やきもち」を表す色は？,みどり,あか,きいろ,みどり
日本で最初にできた学校は？,だいがく,しょうがっこう,ちゅうがっこう,だいがく
法律で定められている温泉の温度は？,25どいじょう,25どいじょう,30どいじょう,35どいじょう
タラで作るのは「カマボコ」ではイクラで作ると？,クロボコ,クロボコ,ナベボコ,クマボコ
エスカレーターの語源は？,はしご,さかみち,はしご,すべりだい
応援団が「東京音頭」を歌うプロ野球チームは？,ヤクルト,きょじん,にっぽんハム,ヤクルト
鬼退治をしていないのは？,こぶとりじいさん,こぶとりじいさん,いっすんぼうし,ももたろう
上野動物園でクーラーを使っているのは？,おうさまペンギン,ほっきょくシロクマ,ゾウアザラシ,おうさまペンギン
200年前もっとも人口が多かった都市は？,ロンドン,ロンドン,えど,パリ
「つきのわグマ」にある月の輪の位置は？,むね,おでこ,むね,せなか
日本で初めて遊園地ができたのは？,ならけん,ひょうごけん,ならけん,きょうとふ
地球の引力がなかったら月はどうなる？,とんでいく,ちきゅうにくっつく,こなごなにくだけちる,とんでいく
世界で初めてカラーでテレビ放送をした国は？,アメリカ,にほん,アメリカ,イギリス
地球の水のうち川の水の割合は？,0.0001パーセント,0.0001パーセント,0.01パーセント,1パーセント
一番ひどい状態の虫歯は？,C4,C2,C4,C6
大人ゾウの100メートルの全力疾走のタイムは？,やく13びょう,やく13びょう,やく33びょう,やく53びょう
ダイヤモンドを磨くのに使うのは？,ダイヤモンドのこな,ダイヤモンドのこな,クレンザー,さてつ
昆虫の中でもっとも視力が良いとされているのは？,トンボ,バッタ,トンボ,カブトムシ
電話帳に載る順番がはやいのは？,よこもじ,ひらがな,カタカナ,よこもじ
雲の名前についていない魚は？,アジ,イクラ,サバ,アジ
たまごのギフト券は？,らんらん,らんらん,たまたま,ぎょくぎょく
ドイツ語で「くるま」という意味をもつものは？,ワーゲン,ベンツ,ワーゲン,ポルシェ
人をだますことを何を抜くという？,はなげ,すねげ,はなげ,まつげ
ケチャップの語源はどこの国から？,ちゅうごく,ちゅうごく,フランス,イタリア
漫画「スヌーピー」の飼い主チャーリーブラウンの妹は？,サリー,ジュリー,マリー,サリー
次のうち海の生き物は？,カシパン,カシパン,ショクパン,コッペパン
卓球の最高位は？,10だん,5だん,7だん,10だん
ミツバチに見えない色は？,あか,あか,あお,きいろ
次の中で一番温泉が多いのは？,にしドイツ,イギリス,フランス,にしドイツ
童謡「ぞうさん」でぞうさんの好きなものは？,かあさん,かあさん,ながいはな,ひとみ
平安時代の日本になかったものは？,しょうゆ,おちゃ,みそ,しょうゆ
中国のおまつりは？,ニャンニャンまつり,ワンワンまつり,ニャンニャンまつり,メェメェまつり
水に沈むものは？,ジャガイモ,カボチャ,ジャガイモ,タマネギ
「きなこ」とはなんのこな？,だいず,アワ,だいず,きな
オスがメスより大きい鳥は？,コンドル,ハヤブサ,コンドル,フクロウ
燃やすと黒いけむりをだすものは？,ポリエステル,ナイロン,アクリル,ポリエステル
マンガ雑誌は？,LALA,CANCAN,LALA,JJ
英語で「インディアンインク」とは？,すみ,うしの ち,ペンキ,すみ
ナマケモノが泳ぐスタイルは？,いぬかき,はいえい,クロール,いぬかき
人間の体重が一番軽くなるのは？,せきどう,なんきょく,せきどう,ほっきょく
漫画「サザエさん」の家族で食べ物の名前がつくのは何人？,5にん,5にん,6にん,7にん
一番やわらかい宝石は？,エメラルド,サファイア,ルビー,エメラルド
もっとも軽いガスは？,すいそガス,ヘリウムガス,アルゴンガス,すいそガス
彗星は何日で太陽をひとまわりする？,88にち,44にち,88にち,178にち
次の動物の中で日本に最初におめみえした動物は？,パンダ,コアラ,エリマキトカゲ,パンダ
注射器を考えたのはイギリス。では注射器のポンプを考えたのは？,フランス,にほん,フランス,ドイツ
冬眠をはじめたクマの体温は？,ひくくなる,ひくくなる,たかくなる,かわらない
カセットテープのテープ幅は？,5.8ミリ,3.0ミリ,4.0ミリ,5.8ミリ
